sensor	hour	avg_count
Alfred Place	0	31.05299739357081
Alfred Place	1	16.128583840139008
Alfred Place	2	10.187937062937063
Alfred Place	3	7.469049694856147
Alfred Place	4	8.266550522648084
Alfred Place	5	17.52736750651607
Alfred Place	6	70.11728931364031
Alfred Place	7	175.99913043478261
Alfred Place	8	418.18782608695653
Alfred Place	9	389.4486956521739
Alfred Place	10	306.6913043478261
Alfred Place	11	290.2730434782609
Alfred Place	12	674.1904347826087
Alfred Place	13	655.0504347826087
Alfred Place	14	329.7182608695652
Alfred Place	15	248.7808695652174
Alfred Place	16	260.78434782608696
Alfred Place	17	360.8791304347826
Alfred Place	18	268.7591304347826
Alfred Place	19	181.9513043478261
Alfred Place	20	122.92695652173913
Alfred Place	21	113.71391304347826
Alfred Place	22	91.51565217391304
Alfred Place	23	56.37880104257167
Australia on Collins	0	90.202802359882
Australia on Collins	1	53.45427728613569
Australia on Collins	2	34.11834319526627
Australia on Collins	3	25.545722713864308
Australia on Collins	4	19.33407079646018
Australia on Collins	5	28.721238938053098
Australia on Collins	6	82.36061946902655
Australia on Collins	7	302.820796460177
Australia on Collins	8	692.9454277286136
Australia on Collins	9	795.759587020649
Australia on Collins	10	1094.7234513274336
Australia on Collins	11	1417.7079646017698
Australia on Collins	12	2047.1924778761063
Australia on Collins	13	2171.097345132743
Australia on Collins	14	1715.8702064896754
Australia on Collins	15	1541.9402654867256
Australia on Collins	16	1392.5966076696166
Australia on Collins	17	1268.9277286135693
Australia on Collins	18	810.5560471976402
Australia on Collins	19	506.82964601769913
Australia on Collins	20	367.78908554572274
Australia on Collins	21	300.702802359882
Australia on Collins	22	234.44542772861357
Australia on Collins	23	155.77212389380531
Birrarung Marr	0	106.9804605722261
Birrarung Marr	1	49.76064200976971
Birrarung Marr	2	31.96850944716585
Birrarung Marr	3	25.193998604326588
Birrarung Marr	4	21.97208653175157
Birrarung Marr	5	36.01814375436148
Birrarung Marr	6	122.89113747383112
Birrarung Marr	7	300.63852058618284
Birrarung Marr	8	490.47801814375435
Birrarung Marr	9	363.8911374738311
Birrarung Marr	10	442.139470013947
Birrarung Marr	11	518.2412831241284
Birrarung Marr	12	728.8415910676902
Birrarung Marr	13	789.3628750872296
Birrarung Marr	14	659.6336357292394
Birrarung Marr	15	613.8632240055827
Birrarung Marr	16	746.0076762037684
Birrarung Marr	17	981.4891835310538
Birrarung Marr	18	1059.264480111654
Birrarung Marr	19	702.8387997208653
Birrarung Marr	20	414.19050942079554
Birrarung Marr	21	406.7327285415213
Birrarung Marr	22	599.0635031402652
Birrarung Marr	23	328.9441730635031
Bourke St-Russell St (West)	0	385.76372924648786
Bourke St-Russell St (West)	1	302.1596424010217
Bourke St-Russell St (West)	2	228.17552850736706
Bourke St-Russell St (West)	3	195.15836526181354
Bourke St-Russell St (West)	4	134.90676883780333
Bourke St-Russell St (West)	5	87.31800766283524
Bourke St-Russell St (West)	6	103.65134099616859
Bourke St-Russell St (West)	7	146.02171136653897
Bourke St-Russell St (West)	8	257.72541507024266
Bourke St-Russell St (West)	9	294.68263090676885
Bourke St-Russell St (West)	10	420.2273307790549
Bourke St-Russell St (West)	11	605.3812260536398
Bourke St-Russell St (West)	12	1137.1787994891442
Bourke St-Russell St (West)	13	1184.7669220945083
Bourke St-Russell St (West)	14	927.602809706258
Bourke St-Russell St (West)	15	894.4220945083014
Bourke St-Russell St (West)	16	925.227969348659
Bourke St-Russell St (West)	17	1078.7975734355045
Bourke St-Russell St (West)	18	1087.2241379310344
Bourke St-Russell St (West)	19	1026.1532567049808
Bourke St-Russell St (West)	20	909.1181353767561
Bourke St-Russell St (West)	21	779.4629629629629
Bourke St-Russell St (West)	22	660.9897828863346
Bourke St-Russell St (West)	23	509.0083014048531
Bourke Street Mall (North)	0	135.919261822376
Bourke Street Mall (North)	1	85.1078431372549
Bourke Street Mall (North)	2	54.7941006362059
Bourke Street Mall (North)	3	42.885236447520185
Bourke Street Mall (North)	4	30.17185697808535
Bourke Street Mall (North)	5	36.205882352941174
Bourke Street Mall (North)	6	84.09919261822375
Bourke Street Mall (North)	7	249.24163783160324
Bourke Street Mall (North)	8	620.6372549019608
Bourke Street Mall (North)	9	851.5455594002307
Bourke Street Mall (North)	10	1358.8823529411766
Bourke Street Mall (North)	11	1990.212802768166
Bourke Street Mall (North)	12	2992.3033448673586
Bourke Street Mall (North)	13	3296.593425605536
Bourke Street Mall (North)	14	2908.8327566320645
Bourke Street Mall (North)	15	2842.2301038062283
Bourke Street Mall (North)	16	2759.140715109573
Bourke Street Mall (North)	17	2796.2773933102653
Bourke Street Mall (North)	18	2187.4942329873124
Bourke Street Mall (North)	19	1415.0207612456747
Bourke Street Mall (North)	20	940.1020761245675
Bourke Street Mall (North)	21	625.3615916955017
Bourke Street Mall (North)	22	414.7502883506344
Bourke Street Mall (North)	23	244.70011534025375
Bourke Street Mall (South)	0	111.36234263820471
Bourke Street Mall (South)	1	74.53968253968254
Bourke Street Mall (South)	2	50.10098792535675
Bourke Street Mall (South)	3	40.341543513957305
Bourke Street Mall (South)	4	29.933771209633278
Bourke Street Mall (South)	5	30.468527640941435
Bourke Street Mall (South)	6	73.55500821018063
Bourke Street Mall (South)	7	209.0815544608648
Bourke Street Mall (South)	8	499.9720853858785
Bourke Street Mall (South)	9	756.4291187739464
Bourke Street Mall (South)	10	1302.551724137931
Bourke Street Mall (South)	11	1947.3935413245758
Bourke Street Mall (South)	12	2982.4433497536947
Bourke Street Mall (South)	13	3295.191023535851
Bourke Street Mall (South)	14	2819.886699507389
Bourke Street Mall (South)	15	2738.256704980843
Bourke Street Mall (South)	16	2598.224958949097
Bourke Street Mall (South)	17	2318.351943076081
Bourke Street Mall (South)	18	1539.5577449370553
Bourke Street Mall (South)	19	891.0793650793651
Bourke Street Mall (South)	20	629.1669403393541
Bourke Street Mall (South)	21	422.44608648056925
Bourke Street Mall (South)	22	293.37164750957857
Bourke Street Mall (South)	23	186.0591133004926
Chinatown-Lt Bourke St (South)	0	206.30959949141769
Chinatown-Lt Bourke St (South)	1	127.80356007628735
Chinatown-Lt Bourke St (South)	2	82.04591836734694
Chinatown-Lt Bourke St (South)	3	59.472345835982196
Chinatown-Lt Bourke St (South)	4	34.92752701843611
Chinatown-Lt Bourke St (South)	5	19.58677685950413
Chinatown-Lt Bourke St (South)	6	26.06738715829625
Chinatown-Lt Bourke St (South)	7	55.57978385251113
Chinatown-Lt Bourke St (South)	8	114.23394787031151
Chinatown-Lt Bourke St (South)	9	153.07628734901462
Chinatown-Lt Bourke St (South)	10	254.46055979643765
Chinatown-Lt Bourke St (South)	11	406.89885496183206
Chinatown-Lt Bourke St (South)	12	713.2086513994911
Chinatown-Lt Bourke St (South)	13	706.3155216284987
Chinatown-Lt Bourke St (South)	14	527.9834605597964
Chinatown-Lt Bourke St (South)	15	473.93702290076334
Chinatown-Lt Bourke St (South)	16	451.11386768447835
Chinatown-Lt Bourke St (South)	17	583.9357506361323
Chinatown-Lt Bourke St (South)	18	768.1596692111959
Chinatown-Lt Bourke St (South)	19	848.6666666666666
Chinatown-Lt Bourke St (South)	20	738.3746819338422
Chinatown-Lt Bourke St (South)	21	593.6469465648855
Chinatown-Lt Bourke St (South)	22	489.76526717557255
Chinatown-Lt Bourke St (South)	23	330.8727735368957
Chinatown-Swanston St (North)	0	220.86942257217848
Chinatown-Swanston St (North)	1	148.86023622047244
Chinatown-Swanston St (North)	2	83.12705727452271
Chinatown-Swanston St (North)	3	57.33202099737533
Chinatown-Swanston St (North)	4	32.31233595800525
Chinatown-Swanston St (North)	5	23.324146981627297
Chinatown-Swanston St (North)	6	32.21259842519685
Chinatown-Swanston St (North)	7	74.03674540682415
Chinatown-Swanston St (North)	8	174.7801837270341
Chinatown-Swanston St (North)	9	201.91010498687663
Chinatown-Swanston St (North)	10	371.2211286089239
Chinatown-Swanston St (North)	11	629.8503937007874
Chinatown-Swanston St (North)	12	1118.725541694025
Chinatown-Swanston St (North)	13	1201.8680236375574
Chinatown-Swanston St (North)	14	1042.6791338582677
Chinatown-Swanston St (North)	15	972.5971128608924
Chinatown-Swanston St (North)	16	948.2034120734908
Chinatown-Swanston St (North)	17	1079.6345144356956
Chinatown-Swanston St (North)	18	1199.6916010498687
Chinatown-Swanston St (North)	19	1179.1686351706037
Chinatown-Swanston St (North)	20	1022.5800524934383
Chinatown-Swanston St (North)	21	811.8727034120735
Chinatown-Swanston St (North)	22	589.75656167979
Chinatown-Swanston St (North)	23	362.36876640419945
City Square	0	310.48141432456936
City Square	1	183.1613780598368
City Square	2	118.61272727272727
City Square	3	83.99182561307902
City Square	4	60.333333333333336
City Square	5	71.67695099818512
City Square	6	157.95916515426498
City Square	7	443.6152450090744
City Square	8	983.426497277677
City Square	9	841.3820326678766
City Square	10	1005.1306715063521
City Square	11	1328.3738656987296
City Square	12	1865.820326678766
City Square	13	2051.3656987295826
City Square	14	1913.4854809437386
City Square	15	1912.855716878403
City Square	16	2032.885662431942
City Square	17	2457.900181488203
City Square	18	1995.4800362976407
City Square	19	1532.1994560290118
City Square	20	1289.248413417951
City Square	21	1175.9900271985493
City Square	22	959.8141432456936
City Square	23	586.0253853127833
Collins Place (North)	0	29.00273672687466
Collins Place (North)	1	15.960569550930996
Collins Place (North)	2	10.464030752333883
Collins Place (North)	3	6.630684931506849
Collins Place (North)	4	5.647509578544061
Collins Place (North)	5	25.021893814997263
Collins Place (North)	6	132.42419266557198
Collins Place (North)	7	521.9781061850027
Collins Place (North)	8	1159.6611932129174
Collins Place (North)	9	642.4198139025725
Collins Place (North)	10	377.64586754241924
Collins Place (North)	11	358.71100164203614
Collins Place (North)	12	505.367816091954
Collins Place (North)	13	507.1412151067324
Collins Place (North)	14	396.29392446633824
Collins Place (North)	15	442.36343732895455
Collins Place (North)	16	717.1100164203613
Collins Place (North)	17	1129.8598795840176
Collins Place (North)	18	547.6146688560482
Collins Place (North)	19	227.52818828680898
Collins Place (North)	20	136.360153256705
Collins Place (North)	21	101.0711548987411
Collins Place (North)	22	91.44937055281883
Collins Place (North)	23	60.31417624521073
Collins Place (South)	0	59.01237623762376
Collins Place (South)	1	29.957301980198018
Collins Place (South)	2	17.79776674937965
Collins Place (South)	3	13.148514851485148
Collins Place (South)	4	14.603095975232199
Collins Place (South)	5	49.883044554455445
Collins Place (South)	6	172.60705445544554
Collins Place (South)	7	561.6949257425742
Collins Place (South)	8	1262.512995049505
Collins Place (South)	9	827.1181930693069
Collins Place (South)	10	563.1262376237623
Collins Place (South)	11	570.2134900990098
Collins Place (South)	12	1151.384900990099
Collins Place (South)	13	1089.5092821782177
Collins Place (South)	14	636.1868811881188
Collins Place (South)	15	560.8941831683169
Collins Place (South)	16	629.2122524752475
Collins Place (South)	17	949.5767326732673
Collins Place (South)	18	641.5711633663366
Collins Place (South)	19	375.48514851485146
Collins Place (South)	20	291.1089108910891
Collins Place (South)	21	204.43378712871288
Collins Place (South)	22	182.65717821782178
Collins Place (South)	23	120.13737623762377
Elizabeth St-Lonsdale St (South)	0	160.4516129032258
Elizabeth St-Lonsdale St (South)	1	115.7741935483871
Elizabeth St-Lonsdale St (South)	2	72.46774193548387
Elizabeth St-Lonsdale St (South)	3	57.67741935483871
Elizabeth St-Lonsdale St (South)	4	28.225806451612904
Elizabeth St-Lonsdale St (South)	5	23.258064516129032
Elizabeth St-Lonsdale St (South)	6	41.58064516129032
Elizabeth St-Lonsdale St (South)	7	131.59677419354838
Elizabeth St-Lonsdale St (South)	8	359.7903225806452
Elizabeth St-Lonsdale St (South)	9	364
Elizabeth St-Lonsdale St (South)	10	412.06451612903226
Elizabeth St-Lonsdale St (South)	11	474.48387096774195
Elizabeth St-Lonsdale St (South)	12	732.5483870967741
Elizabeth St-Lonsdale St (South)	13	817.2258064516129
Elizabeth St-Lonsdale St (South)	14	682.8064516129032
Elizabeth St-Lonsdale St (South)	15	627.5322580645161
Elizabeth St-Lonsdale St (South)	16	626.1129032258065
Elizabeth St-Lonsdale St (South)	17	693.4032258064516
Elizabeth St-Lonsdale St (South)	18	561.9677419354839
Elizabeth St-Lonsdale St (South)	19	468.2741935483871
Elizabeth St-Lonsdale St (South)	20	429.88709677419354
Elizabeth St-Lonsdale St (South)	21	394.7741935483871
Elizabeth St-Lonsdale St (South)	22	294.9193548387097
Elizabeth St-Lonsdale St (South)	23	226.67741935483872
Faraday St-Lygon St (West)	0	165
Faraday St-Lygon St (West)	1	72.98387096774194
Faraday St-Lygon St (West)	2	28.193548387096776
Faraday St-Lygon St (West)	3	13.596774193548388
Faraday St-Lygon St (West)	4	13.758064516129032
Faraday St-Lygon St (West)	5	13.387096774193548
Faraday St-Lygon St (West)	6	26.79032258064516
Faraday St-Lygon St (West)	7	59.17741935483871
Faraday St-Lygon St (West)	8	103.74193548387096
Faraday St-Lygon St (West)	9	116.98387096774194
Faraday St-Lygon St (West)	10	154.24193548387098
Faraday St-Lygon St (West)	11	200.51612903225808
Faraday St-Lygon St (West)	12	305.19354838709677
Faraday St-Lygon St (West)	13	379.6290322580645
Faraday St-Lygon St (West)	14	357.9032258064516
Faraday St-Lygon St (West)	15	365.85483870967744
Faraday St-Lygon St (West)	16	350.14516129032256
Faraday St-Lygon St (West)	17	394.8225806451613
Faraday St-Lygon St (West)	18	489.11290322580646
Faraday St-Lygon St (West)	19	619.2741935483871
Faraday St-Lygon St (West)	20	717.0806451612904
Faraday St-Lygon St (West)	21	731.8064516129032
Faraday St-Lygon St (West)	22	575.6612903225806
Faraday St-Lygon St (West)	23	349.6774193548387
Flagstaff Station	0	51.21052631578947
Flagstaff Station	1	27.90424857324033
Flagstaff Station	2	18.206611570247933
Flagstaff Station	3	14.547875713379835
Flagstaff Station	4	11.58719086873811
Flagstaff Station	5	83.22384273937857
Flagstaff Station	6	477.4850982878884
Flagstaff Station	7	1595.6233354470514
Flagstaff Station	8	3391.9213696892834
Flagstaff Station	9	1650.1896005072924
Flagstaff Station	10	701.9270767279645
Flagstaff Station	11	627.2396956246037
Flagstaff Station	12	862.1864299302473
Flagstaff Station	13	940.9961953075459
Flagstaff Station	14	723.5979708306912
Flagstaff Station	15	915.7958148383005
Flagstaff Station	16	1696.3335447051363
Flagstaff Station	17	2515.3379835129995
Flagstaff Station	18	1092.6727964489537
Flagstaff Station	19	417.0114140773621
Flagstaff Station	20	232.03994927076727
Flagstaff Station	21	167.79518072289156
Flagstaff Station	22	127.06404565630945
Flagstaff Station	23	93.7850348763475
Flinders La-Swanston St (West)	0	631.7395348837209
Flinders La-Swanston St (West)	1	404.5813953488372
Flinders La-Swanston St (West)	2	278.3411214953271
Flinders La-Swanston St (West)	3	219.07441860465116
Flinders La-Swanston St (West)	4	155.26046511627908
Flinders La-Swanston St (West)	5	228.64186046511628
Flinders La-Swanston St (West)	6	433.6232558139535
Flinders La-Swanston St (West)	7	982.5581395348837
Flinders La-Swanston St (West)	8	1983.139534883721
Flinders La-Swanston St (West)	9	1929.4
Flinders La-Swanston St (West)	10	2302.609302325581
Flinders La-Swanston St (West)	11	2858.5813953488373
Flinders La-Swanston St (West)	12	3591.2372093023255
Flinders La-Swanston St (West)	13	3832.1906976744185
Flinders La-Swanston St (West)	14	3582.6372093023256
Flinders La-Swanston St (West)	15	3622.5023255813953
Flinders La-Swanston St (West)	16	3737.4093023255814
Flinders La-Swanston St (West)	17	4128.995348837209
Flinders La-Swanston St (West)	18	3371.4511627906977
Flinders La-Swanston St (West)	19	2500.0279069767444
Flinders La-Swanston St (West)	20	1977.1441860465115
Flinders La-Swanston St (West)	21	1778.106976744186
Flinders La-Swanston St (West)	22	1449.2976744186046
Flinders La-Swanston St (West)	23	1047.2837209302324
Flinders St-Elizabeth St (East)	0	391.38028169014086
Flinders St-Elizabeth St (East)	1	199.0836267605634
Flinders St-Elizabeth St (East)	2	135.34126984126985
Flinders St-Elizabeth St (East)	3	103.25616197183099
Flinders St-Elizabeth St (East)	4	80.34859154929578
Flinders St-Elizabeth St (East)	5	145.48722466960353
Flinders St-Elizabeth St (East)	6	429.90044052863436
Flinders St-Elizabeth St (East)	7	1045.473127753304
Flinders St-Elizabeth St (East)	8	1897.8837004405286
Flinders St-Elizabeth St (East)	9	1489.4511013215858
Flinders St-Elizabeth St (East)	10	1612.162114537445
Flinders St-Elizabeth St (East)	11	1928.7198237885464
Flinders St-Elizabeth St (East)	12	2552.140088105727
Flinders St-Elizabeth St (East)	13	2719.997356828194
Flinders St-Elizabeth St (East)	14	2549.222026431718
Flinders St-Elizabeth St (East)	15	2648.495154185022
Flinders St-Elizabeth St (East)	16	2917.4334801762116
Flinders St-Elizabeth St (East)	17	3278.9744493392072
Flinders St-Elizabeth St (East)	18	2555.4241622574955
Flinders St-Elizabeth St (East)	19	1892.5405643738977
Flinders St-Elizabeth St (East)	20	1531.320987654321
Flinders St-Elizabeth St (East)	21	1304.9814814814815
Flinders St-Elizabeth St (East)	22	1041.9029982363315
Flinders St-Elizabeth St (East)	23	730.805114638448
Flinders St-Spark La	0	40.71889055472264
Flinders St-Spark La	1	20.24287856071964
Flinders St-Spark La	2	11.068524096385541
Flinders St-Spark La	3	7.803463855421687
Flinders St-Spark La	4	8.513878469617405
Flinders St-Spark La	5	22.118440779610197
Flinders St-Spark La	6	53.981259370314845
Flinders St-Spark La	7	122.77061469265367
Flinders St-Spark La	8	210.27661169415293
Flinders St-Spark La	9	177.56821589205398
Flinders St-Spark La	10	174.20614692653672
Flinders St-Spark La	11	191.38605697151425
Flinders St-Spark La	12	284.85007496251876
Flinders St-Spark La	13	297.08020989505246
Flinders St-Spark La	14	223.64092953523237
Flinders St-Spark La	15	212.2968515742129
Flinders St-Spark La	16	245.63643178410794
Flinders St-Spark La	17	317.49475262368816
Flinders St-Spark La	18	252.6799100449775
Flinders St-Spark La	19	173.547976011994
Flinders St-Spark La	20	136.0007496251874
Flinders St-Spark La	21	117.64017991004498
Flinders St-Spark La	22	145.547976011994
Flinders St-Spark La	23	90.68665667166417
Flinders St-Spring St (West)	0	24.243478260869566
Flinders St-Spring St (West)	1	10.690130624092888
Flinders St-Spring St (West)	2	6.140568099053168
Flinders St-Spring St (West)	3	4.244912790697675
Flinders St-Spring St (West)	4	6.35
Flinders St-Spring St (West)	5	15.006521739130434
Flinders St-Spring St (West)	6	71.88623188405798
Flinders St-Spring St (West)	7	176.29347826086956
Flinders St-Spring St (West)	8	368.5702898550725
Flinders St-Spring St (West)	9	279.63115942028986
Flinders St-Spring St (West)	10	183.67536231884057
Flinders St-Spring St (West)	11	184.62101449275363
Flinders St-Spring St (West)	12	261.9717391304348
Flinders St-Spring St (West)	13	259.63260869565215
Flinders St-Spring St (West)	14	205.3746376811594
Flinders St-Spring St (West)	15	208.92028985507247
Flinders St-Spring St (West)	16	302.6746376811594
Flinders St-Spring St (West)	17	393.481884057971
Flinders St-Spring St (West)	18	243.981884057971
Flinders St-Spring St (West)	19	130.13623188405796
Flinders St-Spring St (West)	20	84.15217391304348
Flinders St-Spring St (West)	21	73.41521739130435
Flinders St-Spring St (West)	22	82.2108695652174
Flinders St-Spring St (West)	23	49.167391304347824
Flinders St-Swanston St (West)	0	965.898097826087
Flinders St-Swanston St (West)	1	595.0828804347826
Flinders St-Swanston St (West)	2	422.641689373297
Flinders St-Swanston St (West)	3	342.9307065217391
Flinders St-Swanston St (West)	4	268.96875
Flinders St-Swanston St (West)	5	338.01222826086956
Flinders St-Swanston St (West)	6	586.9932065217391
Flinders St-Swanston St (West)	7	1311.766304347826
Flinders St-Swanston St (West)	8	2576.1372282608695
Flinders St-Swanston St (West)	9	2355.273097826087
Flinders St-Swanston St (West)	10	2664.126358695652
Flinders St-Swanston St (West)	11	3307.899456521739
Flinders St-Swanston St (West)	12	4123.709239130435
Flinders St-Swanston St (West)	13	4453.42527173913
Flinders St-Swanston St (West)	14	4286.372282608696
Flinders St-Swanston St (West)	15	4418.130434782609
Flinders St-Swanston St (West)	16	4607.573369565217
Flinders St-Swanston St (West)	17	4993.680706521739
Flinders St-Swanston St (West)	18	4176.711956521739
Flinders St-Swanston St (West)	19	3211.8315217391305
Flinders St-Swanston St (West)	20	2640.2554347826085
Flinders St-Swanston St (West)	21	2407.1739130434785
Flinders St-Swanston St (West)	22	2089.7758152173915
Flinders St-Swanston St (West)	23	1620.8641304347825
Flinders Street Station Underpass	0	356.0903119868637
Flinders Street Station Underpass	1	177.25232621784346
Flinders Street Station Underpass	2	109.58068057080132
Flinders Street Station Underpass	3	78.49425287356321
Flinders Street Station Underpass	4	73.7296113847838
Flinders Street Station Underpass	5	149.3158182813355
Flinders Street Station Underpass	6	482.08210180623973
Flinders Street Station Underpass	7	1173.0114942528735
Flinders Street Station Underpass	8	2405.770114942529
Flinders Street Station Underpass	9	1406.5013683634372
Flinders Street Station Underpass	10	1120.92118226601
Flinders Street Station Underpass	11	1334.0530925013684
Flinders Street Station Underpass	12	1925.9184455391353
Flinders Street Station Underpass	13	1976.3415435139573
Flinders Street Station Underpass	14	1773.4657909140667
Flinders Street Station Underpass	15	1855.968801313629
Flinders Street Station Underpass	16	2232.088122605364
Flinders Street Station Underpass	17	3135.2370005473454
Flinders Street Station Underpass	18	2113.6420361247947
Flinders Street Station Underpass	19	1398.5790914066777
Flinders Street Station Underpass	20	1149.0541871921182
Flinders Street Station Underpass	21	1051.696223316913
Flinders Street Station Underpass	22	883.664477285167
Flinders Street Station Underpass	23	663.4904214559386
Grattan St-Swanston St (West)	0	37.33468149646107
Grattan St-Swanston St (West)	1	24.434782608695652
Grattan St-Swanston St (West)	2	12.524340770791076
Grattan St-Swanston St (West)	3	8.970618034447822
Grattan St-Swanston St (West)	4	8.438827098078868
Grattan St-Swanston St (West)	5	11.315096251266464
Grattan St-Swanston St (West)	6	34.854398382204245
Grattan St-Swanston St (West)	7	90.95955510616784
Grattan St-Swanston St (West)	8	261.737108190091
Grattan St-Swanston St (West)	9	337.27805864509605
Grattan St-Swanston St (West)	10	334.95551061678464
Grattan St-Swanston St (West)	11	418.0879676440849
Grattan St-Swanston St (West)	12	526.3983822042467
Grattan St-Swanston St (West)	13	566.4580384226491
Grattan St-Swanston St (West)	14	462.04752275025277
Grattan St-Swanston St (West)	15	464.8816986855409
Grattan St-Swanston St (West)	16	454.5470171890799
Grattan St-Swanston St (West)	17	524.5551061678464
Grattan St-Swanston St (West)	18	395.4469160768453
Grattan St-Swanston St (West)	19	260.13953488372096
Grattan St-Swanston St (West)	20	199.4448938321537
Grattan St-Swanston St (West)	21	149.70171890798787
Grattan St-Swanston St (West)	22	100.5803842264914
Grattan St-Swanston St (West)	23	66.6076845298281
Little Collins St-Swanston St (East)	0	257.4714285714286
Little Collins St-Swanston St (East)	1	167.8761904761905
Little Collins St-Swanston St (East)	2	107.86602870813397
Little Collins St-Swanston St (East)	3	77.63809523809523
Little Collins St-Swanston St (East)	4	45.423809523809524
Little Collins St-Swanston St (East)	5	55.00952380952381
Little Collins St-Swanston St (East)	6	113.68095238095238
Little Collins St-Swanston St (East)	7	343.14285714285717
Little Collins St-Swanston St (East)	8	713.8809523809524
Little Collins St-Swanston St (East)	9	705.152380952381
Little Collins St-Swanston St (East)	10	888.0857142857143
Little Collins St-Swanston St (East)	11	1176.4809523809524
Little Collins St-Swanston St (East)	12	1854.9571428571428
Little Collins St-Swanston St (East)	13	2107.3714285714286
Little Collins St-Swanston St (East)	14	1764.6809523809525
Little Collins St-Swanston St (East)	15	1706.2761904761905
Little Collins St-Swanston St (East)	16	1729.4285714285713
Little Collins St-Swanston St (East)	17	1964.104761904762
Little Collins St-Swanston St (East)	18	1650.8142857142857
Little Collins St-Swanston St (East)	19	1331.3761904761905
Little Collins St-Swanston St (East)	20	1197.3666666666666
Little Collins St-Swanston St (East)	21	1046.7285714285715
Little Collins St-Swanston St (East)	22	763.0761904761905
Little Collins St-Swanston St (East)	23	461.67619047619047
Lonsdale St (South)	0	323.95108315863035
Lonsdale St (South)	1	246.8909853249476
Lonsdale St (South)	2	168.76524176594253
Lonsdale St (South)	3	136.6051712089448
Lonsdale St (South)	4	88.21733053808525
Lonsdale St (South)	5	64.44933612858141
Lonsdale St (South)	6	69.44584206848357
Lonsdale St (South)	7	160.40181691125088
Lonsdale St (South)	8	271.55555555555554
Lonsdale St (South)	9	281.0244584206848
Lonsdale St (South)	10	394.9140461215933
Lonsdale St (South)	11	558.6540880503145
Lonsdale St (South)	12	962.6813417190775
Lonsdale St (South)	13	976.8462613556953
Lonsdale St (South)	14	764.988819007687
Lonsdale St (South)	15	731.4591194968554
Lonsdale St (South)	16	744.3696715583508
Lonsdale St (South)	17	871.0188679245283
Lonsdale St (South)	18	917.0866526904263
Lonsdale St (South)	19	891.256464011181
Lonsdale St (South)	20	794.8965758211041
Lonsdale St (South)	21	691.1425576519916
Lonsdale St (South)	22	600.5632424877708
Lonsdale St (South)	23	460.8602375960867
Lonsdale St-Spring St (West)	0	47.110395584176636
Lonsdale St-Spring St (West)	1	24.022999080036797
Lonsdale St-Spring St (West)	2	12.898523985239853
Lonsdale St-Spring St (West)	3	9.030358785648573
Lonsdale St-Spring St (West)	4	8.097516099356026
Lonsdale St-Spring St (West)	5	17.63109475620975
Lonsdale St-Spring St (West)	6	53.78656853725851
Lonsdale St-Spring St (West)	7	177.0855565777369
Lonsdale St-Spring St (West)	8	512.8077276908924
Lonsdale St-Spring St (West)	9	426.7902483900644
Lonsdale St-Spring St (West)	10	441.736890524379
Lonsdale St-Spring St (West)	11	469.20423183072677
Lonsdale St-Spring St (West)	12	745.1738730450782
Lonsdale St-Spring St (West)	13	701.2410303587857
Lonsdale St-Spring St (West)	14	476.34314627414903
Lonsdale St-Spring St (West)	15	470.08003679852806
Lonsdale St-Spring St (West)	16	427.90432382704694
Lonsdale St-Spring St (West)	17	497.37718491260347
Lonsdale St-Spring St (West)	18	398.36246550138
Lonsdale St-Spring St (West)	19	306.2226310947562
Lonsdale St-Spring St (West)	20	207.7966881324747
Lonsdale St-Spring St (West)	21	192.59889604415824
Lonsdale St-Spring St (West)	22	208.86108555657773
Lonsdale St-Spring St (West)	23	92.64857405703772
Lygon St (East)	0	37.76642335766423
Lygon St (East)	1	19.01277372262774
Lygon St (East)	2	10.763037511436414
Lygon St (East)	3	6.551692589204025
Lygon St (East)	4	5.226691042047532
Lygon St (East)	5	10.211678832116789
Lygon St (East)	6	11.177007299270073
Lygon St (East)	7	36.89963503649635
Lygon St (East)	8	113.79835766423358
Lygon St (East)	9	127.1514598540146
Lygon St (East)	10	157.21350364963504
Lygon St (East)	11	196.6560218978102
Lygon St (East)	12	352.32481751824815
Lygon St (East)	13	348.33029197080293
Lygon St (East)	14	279.6970802919708
Lygon St (East)	15	263.07755474452557
Lygon St (East)	16	239.28923357664235
Lygon St (East)	17	270.94981751824815
Lygon St (East)	18	321.1669708029197
Lygon St (East)	19	369.985401459854
Lygon St (East)	20	381.4069343065693
Lygon St (East)	21	327.77919708029196
Lygon St (East)	22	212.67153284671534
Lygon St (East)	23	102.71259124087591
Lygon St (West)	0	151.7783472133248
Lygon St (West)	1	72.14349775784753
Lygon St (West)	2	31.419396274887603
Lygon St (West)	3	16.39910313901345
Lygon St (West)	4	16.35576923076923
Lygon St (West)	5	14.392056374119154
Lygon St (West)	6	27.274823830877644
Lygon St (West)	7	74.30877642536835
Lygon St (West)	8	145.60922485586164
Lygon St (West)	9	158.22421524663676
Lygon St (West)	10	223.42152466367713
Lygon St (West)	11	262.6431774503523
Lygon St (West)	12	428.13452914798205
Lygon St (West)	13	485.5701473414478
Lygon St (West)	14	440.3734785393978
Lygon St (West)	15	459.80076873798845
Lygon St (West)	16	413.25496476617553
Lygon St (West)	17	470.3452914798206
Lygon St (West)	18	555.1697629724536
Lygon St (West)	19	662.2498398462524
Lygon St (West)	20	731.2383087764254
Lygon St (West)	21	694.7885970531711
Lygon St (West)	22	525.2453555413197
Lygon St (West)	23	318.04484304932737
Melbourne Central	0	478.2475588742102
Melbourne Central	1	283.3429063756462
Melbourne Central	2	164.64594127806564
Melbourne Central	3	124.79609419873636
Melbourne Central	4	65.57323377369327
Melbourne Central	5	84.87937966685813
Melbourne Central	6	150.9115450890293
Melbourne Central	7	333.40493968983344
Melbourne Central	8	696.2222860425043
Melbourne Central	9	787.8724870763929
Melbourne Central	10	1072.569213095922
Melbourne Central	11	1485.0643308443423
Melbourne Central	12	2363.990235496841
Melbourne Central	13	2575.0338885697875
Melbourne Central	14	2402.841470419299
Melbourne Central	15	2393.145318782309
Melbourne Central	16	2402.1194715680645
Melbourne Central	17	2595.097645031591
Melbourne Central	18	2458.1711659965536
Melbourne Central	19	2199.778862722573
Melbourne Central	20	1988.298104537622
Melbourne Central	21	1673.9563469270533
Melbourne Central	22	1274.538770821367
Melbourne Central	23	868.5560022975302
Melbourne Central-Elizabeth St (East)	0	268.96774193548384
Melbourne Central-Elizabeth St (East)	1	175.79032258064515
Melbourne Central-Elizabeth St (East)	2	100.46774193548387
Melbourne Central-Elizabeth St (East)	3	88.16129032258064
Melbourne Central-Elizabeth St (East)	4	63.74193548387097
Melbourne Central-Elizabeth St (East)	5	82.29032258064517
Melbourne Central-Elizabeth St (East)	6	181.93548387096774
Melbourne Central-Elizabeth St (East)	7	421.2258064516129
Melbourne Central-Elizabeth St (East)	8	830.3387096774194
Melbourne Central-Elizabeth St (East)	9	923.4677419354839
Melbourne Central-Elizabeth St (East)	10	1178.4354838709678
Melbourne Central-Elizabeth St (East)	11	1509.516129032258
Melbourne Central-Elizabeth St (East)	12	2110.4032258064517
Melbourne Central-Elizabeth St (East)	13	2236.8064516129034
Melbourne Central-Elizabeth St (East)	14	1969.6290322580646
Melbourne Central-Elizabeth St (East)	15	1914.2903225806451
Melbourne Central-Elizabeth St (East)	16	1982.8870967741937
Melbourne Central-Elizabeth St (East)	17	2206.064516129032
Melbourne Central-Elizabeth St (East)	18	1766.9193548387098
Melbourne Central-Elizabeth St (East)	19	1366.0967741935483
Melbourne Central-Elizabeth St (East)	20	1083.532258064516
Melbourne Central-Elizabeth St (East)	21	931.3548387096774
Melbourne Central-Elizabeth St (East)	22	656.1612903225806
Melbourne Central-Elizabeth St (East)	23	433.5806451612903
Melbourne Convention Exhibition Centre	0	110.19081046585833
Melbourne Convention Exhibition Centre	1	65.34716017868539
Melbourne Convention Exhibition Centre	2	26.89244558258643
Melbourne Convention Exhibition Centre	3	18.194639438417358
Melbourne Convention Exhibition Centre	4	18.618379068283343
Melbourne Convention Exhibition Centre	5	51.71984684109764
Melbourne Convention Exhibition Centre	6	175.62093171665603
Melbourne Convention Exhibition Centre	7	394.11869814932993
Melbourne Convention Exhibition Centre	8	656.9195915762604
Melbourne Convention Exhibition Centre	9	510.48117421825145
Melbourne Convention Exhibition Centre	10	567.02616464582
Melbourne Convention Exhibition Centre	11	686.6751754945756
Melbourne Convention Exhibition Centre	12	931.472239948947
Melbourne Convention Exhibition Centre	13	987.8028079132099
Melbourne Convention Exhibition Centre	14	969.4652201659221
Melbourne Convention Exhibition Centre	15	1014.505424377792
Melbourne Convention Exhibition Centre	16	1060.0797702616464
Melbourne Convention Exhibition Centre	17	1223.6687938736438
Melbourne Convention Exhibition Centre	18	913.8602425015954
Melbourne Convention Exhibition Centre	19	492.1601786853861
Melbourne Convention Exhibition Centre	20	380.05807275047863
Melbourne Convention Exhibition Centre	21	325.5252074026803
Melbourne Convention Exhibition Centre	22	279.1608168474793
Melbourne Convention Exhibition Centre	23	190.13848117421824
Monash Rd-Swanston St (West)	0	23.81036168132942
Monash Rd-Swanston St (West)	1	13.086021505376344
Monash Rd-Swanston St (West)	2	5.611383709519137
Monash Rd-Swanston St (West)	3	3.705593719332679
Monash Rd-Swanston St (West)	4	3.2335623159960747
Monash Rd-Swanston St (West)	5	6.290606653620352
Monash Rd-Swanston St (West)	6	23.24828934506354
Monash Rd-Swanston St (West)	7	77.33724340175954
Monash Rd-Swanston St (West)	8	265.76735092864124
Monash Rd-Swanston St (West)	9	335.06647116324535
Monash Rd-Swanston St (West)	10	308.4613880742913
Monash Rd-Swanston St (West)	11	341.57966764418376
Monash Rd-Swanston St (West)	12	433.1124144672532
Monash Rd-Swanston St (West)	13	457.9051808406647
Monash Rd-Swanston St (West)	14	395.1124144672532
Monash Rd-Swanston St (West)	15	405.06256109481916
Monash Rd-Swanston St (West)	16	442.6363636363636
Monash Rd-Swanston St (West)	17	483.64320625610947
Monash Rd-Swanston St (West)	18	346.51612903225805
Monash Rd-Swanston St (West)	19	221.80547409579668
Monash Rd-Swanston St (West)	20	162.10361681329422
Monash Rd-Swanston St (West)	21	119.75953079178886
Monash Rd-Swanston St (West)	22	79.79960899315738
Monash Rd-Swanston St (West)	23	51.629521016617794
New Quay	0	51.03985722784057
New Quay	1	19.9708506841166
New Quay	2	9.878281622911695
New Quay	3	7.961240310077519
New Quay	4	5.106015485407981
New Quay	5	11.054729327781082
New Quay	6	55.10707911957169
New Quay	7	139.9714455681142
New Quay	8	225.89054134443782
New Quay	9	191.0404521118382
New Quay	10	217.13563355145746
New Quay	11	257.3367043426532
New Quay	12	397.9387269482451
New Quay	13	396.38013087447945
New Quay	14	324.73349196906605
New Quay	15	319.2908982748364
New Quay	16	327.01784651992864
New Quay	17	385.8917311124331
New Quay	18	415.888756692445
New Quay	19	377.8691255205235
New Quay	20	289.35930993456276
New Quay	21	234.10350981558597
New Quay	22	206.59666864961332
New Quay	23	100.51457465794171
Pelham St (S)	0	9.186440677966102
Pelham St (S)	1	4.327683615819209
Pelham St (S)	2	2.022727272727273
Pelham St (S)	3	1.7627118644067796
Pelham St (S)	4	1.5819209039548023
Pelham St (S)	5	4.706214689265536
Pelham St (S)	6	10.98870056497175
Pelham St (S)	7	56.005649717514125
Pelham St (S)	8	170.20338983050848
Pelham St (S)	9	190.6271186440678
Pelham St (S)	10	156.4180790960452
Pelham St (S)	11	161.54237288135593
Pelham St (S)	12	263.0621468926554
Pelham St (S)	13	264.6723163841808
Pelham St (S)	14	173.31638418079095
Pelham St (S)	15	148.74576271186442
Pelham St (S)	16	160.09604519774012
Pelham St (S)	17	195.08474576271186
Pelham St (S)	18	134.4406779661017
Pelham St (S)	19	87.19209039548022
Pelham St (S)	20	61.50282485875706
Pelham St (S)	21	46.112994350282484
Pelham St (S)	22	32.93785310734463
Pelham St (S)	23	22.26553672316384
Princes Bridge	0	316.6285211267606
Princes Bridge	1	168.4818075117371
Princes Bridge	2	104.07411764705883
Princes Bridge	3	78.9319248826291
Princes Bridge	4	65.36795774647888
Princes Bridge	5	102.31631455399061
Princes Bridge	6	264.2112676056338
Princes Bridge	7	684.5933098591549
Princes Bridge	8	1293.5463615023475
Princes Bridge	9	1037.8386150234742
Princes Bridge	10	1224.2071596244132
Princes Bridge	11	1540.4788732394366
Princes Bridge	12	1979.5023474178404
Princes Bridge	13	2048.9735915492956
Princes Bridge	14	1946.112089201878
Princes Bridge	15	1986.0275821596244
Princes Bridge	16	2181.286384976526
Princes Bridge	17	2676.00058685446
Princes Bridge	18	2131.157276995305
Princes Bridge	19	1608.2758215962442
Princes Bridge	20	1270.6930751173709
Princes Bridge	21	1254.9483568075118
Princes Bridge	22	1157.9442488262912
Princes Bridge	23	645.5762910798122
Queen St (West)	0	136.78628230616303
Queen St (West)	1	110.78628230616302
Queen St (West)	2	86.43170488534396
Queen St (West)	3	71.99203980099503
Queen St (West)	4	29.98308457711443
Queen St (West)	5	23.077534791252486
Queen St (West)	6	52.261431411530815
Queen St (West)	7	156.8230616302187
Queen St (West)	8	476.5675944333996
Queen St (West)	9	395.42985074626864
Queen St (West)	10	386.9502487562189
Queen St (West)	11	389.48457711442785
Queen St (West)	12	683.5701492537313
Queen St (West)	13	695.6238805970149
Queen St (West)	14	463.4308457711443
Queen St (West)	15	419.7144278606965
Queen St (West)	16	430.73930348258705
Queen St (West)	17	570.8199004975124
Queen St (West)	18	364.56119402985075
Queen St (West)	19	243.0228855721393
Queen St (West)	20	183.65074626865672
Queen St (West)	21	172.56716417910448
Queen St (West)	22	161.34328358208955
Queen St (West)	23	158.8139303482587
QV Market-Elizabeth St (West)	0	139.81053307642904
QV Market-Elizabeth St (West)	1	101.74309569685292
QV Market-Elizabeth St (West)	2	71.41430412371135
QV Market-Elizabeth St (West)	3	57.77071290944124
QV Market-Elizabeth St (West)	4	44.67437379576108
QV Market-Elizabeth St (West)	5	64.07642903018626
QV Market-Elizabeth St (West)	6	130.32498394348104
QV Market-Elizabeth St (West)	7	266.12259306803594
QV Market-Elizabeth St (West)	8	506.1676300578035
QV Market-Elizabeth St (West)	9	658.0706486833654
QV Market-Elizabeth St (West)	10	870.2973667308927
QV Market-Elizabeth St (West)	11	1101.125883108542
QV Market-Elizabeth St (West)	12	1533.0179833012203
QV Market-Elizabeth St (West)	13	1483.6968529222866
QV Market-Elizabeth St (West)	14	1129.9094412331406
QV Market-Elizabeth St (West)	15	903.2549775208735
QV Market-Elizabeth St (West)	16	702.9235709698138
QV Market-Elizabeth St (West)	17	653.6955684007708
QV Market-Elizabeth St (West)	18	590.9454078355812
QV Market-Elizabeth St (West)	19	522.1156069364162
QV Market-Elizabeth St (West)	20	453.07835581245985
QV Market-Elizabeth St (West)	21	368.8985228002569
QV Market-Elizabeth St (West)	22	269.01734104046244
QV Market-Elizabeth St (West)	23	193.9762363519589
QV Market-Peel St	0	27.951612903225808
QV Market-Peel St	1	17.675558312655088
QV Market-Peel St	2	11.031736154324829
QV Market-Peel St	3	7.9267535692116695
QV Market-Peel St	4	6.30893300248139
QV Market-Peel St	5	10.978287841191067
QV Market-Peel St	6	31.64950372208437
QV Market-Peel St	7	73.14888337468983
QV Market-Peel St	8	150.7227047146402
QV Market-Peel St	9	157.0124069478908
QV Market-Peel St	10	200.30769230769232
QV Market-Peel St	11	238.12220843672458
QV Market-Peel St	12	292.66129032258067
QV Market-Peel St	13	285.1929280397022
QV Market-Peel St	14	238.302729528536
QV Market-Peel St	15	212.075682382134
QV Market-Peel St	16	172.30210918114145
QV Market-Peel St	17	192.27357320099256
QV Market-Peel St	18	174.9633995037221
QV Market-Peel St	19	136.45037220843673
QV Market-Peel St	20	118.81575682382135
QV Market-Peel St	21	100.58188585607941
QV Market-Peel St	22	74.16066997518611
QV Market-Peel St	23	46.982630272952854
QVM-Franklin St (North)	0	38.064516129032256
QVM-Franklin St (North)	1	22.29032258064516
QVM-Franklin St (North)	2	15.548387096774194
QVM-Franklin St (North)	3	12.161290322580646
QVM-Franklin St (North)	4	9.306451612903226
QVM-Franklin St (North)	5	11.5
QVM-Franklin St (North)	6	34.935483870967744
QVM-Franklin St (North)	7	50.016129032258064
QVM-Franklin St (North)	8	92.58064516129032
QVM-Franklin St (North)	9	120.33870967741936
QVM-Franklin St (North)	10	160.59677419354838
QVM-Franklin St (North)	11	206.8709677419355
QVM-Franklin St (North)	12	242.33870967741936
QVM-Franklin St (North)	13	256.96774193548384
QVM-Franklin St (North)	14	212.79032258064515
QVM-Franklin St (North)	15	186
QVM-Franklin St (North)	16	158.01612903225808
QVM-Franklin St (North)	17	159.83870967741936
QVM-Franklin St (North)	18	155.58064516129033
QVM-Franklin St (North)	19	153.8709677419355
QVM-Franklin St (North)	20	134.8709677419355
QVM-Franklin St (North)	21	108.5
QVM-Franklin St (North)	22	80.88709677419355
QVM-Franklin St (North)	23	52.12903225806452
QVM-Queen St (East)	0	45.193548387096776
QVM-Queen St (East)	1	29.06451612903226
QVM-Queen St (East)	2	19.403225806451612
QVM-Queen St (East)	3	13.67741935483871
QVM-Queen St (East)	4	11.903225806451612
QVM-Queen St (East)	5	21.338709677419356
QVM-Queen St (East)	6	54.53225806451613
QVM-Queen St (East)	7	107.38709677419355
QVM-Queen St (East)	8	182.7741935483871
QVM-Queen St (East)	9	246.3548387096774
QVM-Queen St (East)	10	328.741935483871
QVM-Queen St (East)	11	435
QVM-Queen St (East)	12	531.1129032258065
QVM-Queen St (East)	13	532.3387096774194
QVM-Queen St (East)	14	460.6774193548387
QVM-Queen St (East)	15	403.5967741935484
QVM-Queen St (East)	16	340.9193548387097
QVM-Queen St (East)	17	362.64516129032256
QVM-Queen St (East)	18	377.2741935483871
QVM-Queen St (East)	19	367.19354838709677
QVM-Queen St (East)	20	297.33870967741933
QVM-Queen St (East)	21	253.6290322580645
QVM-Queen St (East)	22	160.8548387096774
QVM-Queen St (East)	23	82.80645161290323
QVM-Therry St (South)	0	61.903225806451616
QVM-Therry St (South)	1	47.74193548387097
QVM-Therry St (South)	2	36.46774193548387
QVM-Therry St (South)	3	29
QVM-Therry St (South)	4	20.79032258064516
QVM-Therry St (South)	5	23.322580645161292
QVM-Therry St (South)	6	55.12903225806452
QVM-Therry St (South)	7	93.7741935483871
QVM-Therry St (South)	8	170.17741935483872
QVM-Therry St (South)	9	256.03225806451616
QVM-Therry St (South)	10	376.7741935483871
QVM-Therry St (South)	11	477.64516129032256
QVM-Therry St (South)	12	606.8225806451613
QVM-Therry St (South)	13	606.516129032258
QVM-Therry St (South)	14	469.83870967741933
QVM-Therry St (South)	15	360.3709677419355
QVM-Therry St (South)	16	243.2258064516129
QVM-Therry St (South)	17	200.3548387096774
QVM-Therry St (South)	18	204.09677419354838
QVM-Therry St (South)	19	203.70967741935485
QVM-Therry St (South)	20	201
QVM-Therry St (South)	21	172.48387096774192
QVM-Therry St (South)	22	121.25806451612904
QVM-Therry St (South)	23	77.53225806451613
Sandridge Bridge	0	143.36158192090394
Sandridge Bridge	1	69.31129943502825
Sandridge Bridge	2	49.04985835694051
Sandridge Bridge	3	36.07683615819209
Sandridge Bridge	4	45.775706214689265
Sandridge Bridge	5	74.35028248587571
Sandridge Bridge	6	189.49887005649717
Sandridge Bridge	7	418.054802259887
Sandridge Bridge	8	846.190395480226
Sandridge Bridge	9	442.9316384180791
Sandridge Bridge	10	389.8282485875706
Sandridge Bridge	11	451.93502824858757
Sandridge Bridge	12	579.1485875706214
Sandridge Bridge	13	577.371186440678
Sandridge Bridge	14	562.9045197740113
Sandridge Bridge	15	625.1751412429378
Sandridge Bridge	16	775.0700564971752
Sandridge Bridge	17	1176.2621468926554
Sandridge Bridge	18	764.9581920903955
Sandridge Bridge	19	476.6898305084746
Sandridge Bridge	20	388.054802259887
Sandridge Bridge	21	358.95762711864404
Sandridge Bridge	22	326.04689265536723
Sandridge Bridge	23	270.09322033898303
Southbank	0	447.69465648854964
Southbank	1	233.55114503816793
Southbank	2	123.08728943338438
Southbank	3	77.88854961832061
Southbank	4	62.61526717557252
Southbank	5	133.00152671755725
Southbank	6	533.3190839694656
Southbank	7	1199.981679389313
Southbank	8	2462.5251908396945
Southbank	9	1679.6274809160304
Southbank	10	1568.824427480916
Southbank	11	1933.4702290076336
Southbank	12	3101.709923664122
Southbank	13	3139.4458015267173
Southbank	14	2530.696183206107
Southbank	15	2518.9954198473283
Southbank	16	2865.9847328244273
Southbank	17	3836.9175572519084
Southbank	18	3229.8885496183207
Southbank	19	2494.9435114503817
Southbank	20	2098.7389312977098
Southbank	21	1821.2580152671756
Southbank	22	1472.345038167939
Southbank	23	909.9603053435114
Southern Cross Station	0	26.084291187739463
Southern Cross Station	1	12.700054734537494
Southern Cross Station	2	7.670329670329671
Southern Cross Station	3	6.066812705366922
Southern Cross Station	4	6.083743842364532
Southern Cross Station	5	50.867542419266556
Southern Cross Station	6	334.81171319102356
Southern Cross Station	7	1087.272030651341
Southern Cross Station	8	2073.0613026819924
Southern Cross Station	9	1032.575807334428
Southern Cross Station	10	416.50136836343734
Southern Cross Station	11	406.34756431308153
Southern Cross Station	12	847.3623426382047
Southern Cross Station	13	751.8451012588944
Southern Cross Station	14	482.88341543513957
Southern Cross Station	15	634.9906951286262
Southern Cross Station	16	1298.6376573617954
Southern Cross Station	17	1777.831417624521
Southern Cross Station	18	759.64039408867
Southern Cross Station	19	266.8664477285167
Southern Cross Station	20	137.96661193212918
Southern Cross Station	21	101.76573617952928
Southern Cross Station	22	85.50301039956213
Southern Cross Station	23	52.480021893815
Spencer St-Collins St (North)	0	163.19973975276514
Spencer St-Collins St (North)	1	69.58528645833333
Spencer St-Collins St (North)	2	40.1541476159373
Spencer St-Collins St (North)	3	32.263020833333336
Spencer St-Collins St (North)	4	34.828125
Spencer St-Collins St (North)	5	162.26041666666666
Spencer St-Collins St (North)	6	570.4283854166666
Spencer St-Collins St (North)	7	1523.083984375
Spencer St-Collins St (North)	8	2705.7454427083335
Spencer St-Collins St (North)	9	1723.1953125
Spencer St-Collins St (North)	10	1320.6803385416667
Spencer St-Collins St (North)	11	1308.0221354166667
Spencer St-Collins St (North)	12	1823.7923177083333
Spencer St-Collins St (North)	13	1733.662109375
Spencer St-Collins St (North)	14	1460.3404947916667
Spencer St-Collins St (North)	15	1719.669921875
Spencer St-Collins St (North)	16	2462.1901041666665
Spencer St-Collins St (North)	17	3049.4850260416665
Spencer St-Collins St (North)	18	1887.1497395833333
Spencer St-Collins St (North)	19	1056.115234375
Spencer St-Collins St (North)	20	699.134765625
Spencer St-Collins St (North)	21	579.8782552083334
Spencer St-Collins St (North)	22	504.51953125
Spencer St-Collins St (North)	23	334.55432661027976
Spencer St-Collins St (South)	0	58.19490957803081
Spencer St-Collins St (South)	1	32.83188211654387
Spencer St-Collins St (South)	2	22.044354838709676
Spencer St-Collins St (South)	3	18.62357669122572
Spencer St-Collins St (South)	4	14.168117883456128
Spencer St-Collins St (South)	5	36.790354989953116
Spencer St-Collins St (South)	6	141.8861352980576
Spencer St-Collins St (South)	7	412.1707970529136
Spencer St-Collins St (South)	8	825.9651707970529
Spencer St-Collins St (South)	9	536.0093770931012
Spencer St-Collins St (South)	10	407.10046885465505
Spencer St-Collins St (South)	11	407.616878767582
Spencer St-Collins St (South)	12	630.4139316811788
Spencer St-Collins St (South)	13	612.2424648359008
Spencer St-Collins St (South)	14	426.5324849296718
Spencer St-Collins St (South)	15	416.63764233087744
Spencer St-Collins St (South)	16	515.3971868720697
Spencer St-Collins St (South)	17	678.6048225050234
Spencer St-Collins St (South)	18	410.83657066309445
Spencer St-Collins St (South)	19	251.271935699933
Spencer St-Collins St (South)	20	190.4065639651708
Spencer St-Collins St (South)	21	171.46483590087072
Spencer St-Collins St (South)	22	155.89417280643002
Spencer St-Collins St (South)	23	103.04956463496316
St Kilda Rd-Alexandra Gardens	0	72.01724137931035
St Kilda Rd-Alexandra Gardens	1	42.24618447246184
St Kilda Rd-Alexandra Gardens	2	25.54025282767798
St Kilda Rd-Alexandra Gardens	3	16.061048440610485
St Kilda Rd-Alexandra Gardens	4	17.173855341738552
St Kilda Rd-Alexandra Gardens	5	50.39482415394824
St Kilda Rd-Alexandra Gardens	6	122.96217650962177
St Kilda Rd-Alexandra Gardens	7	285.1055076310551
St Kilda Rd-Alexandra Gardens	8	509.5056403450564
St Kilda Rd-Alexandra Gardens	9	406.156602521566
St Kilda Rd-Alexandra Gardens	10	493.6874585268746
St Kilda Rd-Alexandra Gardens	11	638.9814200398142
St Kilda Rd-Alexandra Gardens	12	851.406104844061
St Kilda Rd-Alexandra Gardens	13	944.0922362309224
St Kilda Rd-Alexandra Gardens	14	864.1512939615129
St Kilda Rd-Alexandra Gardens	15	865.9787657597876
St Kilda Rd-Alexandra Gardens	16	853.5812873258129
St Kilda Rd-Alexandra Gardens	17	1040.5248838752489
St Kilda Rd-Alexandra Gardens	18	860.0358327803583
St Kilda Rd-Alexandra Gardens	19	610.1154611811546
St Kilda Rd-Alexandra Gardens	20	434.97080291970804
St Kilda Rd-Alexandra Gardens	21	358.6821499668215
St Kilda Rd-Alexandra Gardens	22	311.4061048440611
St Kilda Rd-Alexandra Gardens	23	185.21580345285525
State Library	0	188.68148148148148
State Library	1	120.52777777777777
State Library	2	73.67987616099072
State Library	3	47.14135802469136
State Library	4	29.778395061728396
State Library	5	35.166666666666664
State Library	6	67.51975308641975
State Library	7	234.98456790123456
State Library	8	545.2203703703703
State Library	9	548.9851851851852
State Library	10	733.9543209876543
State Library	11	1011.4265432098765
State Library	12	1586.1179012345679
State Library	13	1757.4932098765432
State Library	14	1663.3197530864197
State Library	15	1701.0697530864197
State Library	16	1796.6006172839507
State Library	17	2004.0876543209877
State Library	18	1605.4808641975308
State Library	19	1305.1407407407407
State Library	20	1123.4216049382717
State Library	21	871.2327160493827
State Library	22	587.8277777777778
State Library	23	351.2364197530864
The Arts Centre	0	131.05580500320718
The Arts Centre	1	70.17382937780629
The Arts Centre	2	48.38288288288288
The Arts Centre	3	48.39833226427197
The Arts Centre	4	54.40923669018601
The Arts Centre	5	98.17062219371392
The Arts Centre	6	269.2315586914689
The Arts Centre	7	672.3085311096856
The Arts Centre	8	1297.1566110397946
The Arts Centre	9	1014.0923669018601
The Arts Centre	10	1146.9262347658755
The Arts Centre	11	1415.3450930083386
The Arts Centre	12	1791.2302758178319
The Arts Centre	13	1850.4557692307692
The Arts Centre	14	1689.4384615384615
The Arts Centre	15	1715.55
The Arts Centre	16	1833.2910256410257
The Arts Centre	17	2121.005769230769
The Arts Centre	18	1669.5076923076922
The Arts Centre	19	1268.9198717948718
The Arts Centre	20	706.1455128205129
The Arts Centre	21	792.2647435897436
The Arts Centre	22	795.7833333333333
The Arts Centre	23	304.8519230769231
Tin Alley-Swanston St (West)	0	18.72336265884653
Tin Alley-Swanston St (West)	1	10.051808406647117
Tin Alley-Swanston St (West)	2	4.846758349705304
Tin Alley-Swanston St (West)	3	3.1153846153846154
Tin Alley-Swanston St (West)	4	2.5250737463126844
Tin Alley-Swanston St (West)	5	5.077603143418467
Tin Alley-Swanston St (West)	6	17.434995112414466
Tin Alley-Swanston St (West)	7	49.83088954056696
Tin Alley-Swanston St (West)	8	134.38123167155425
Tin Alley-Swanston St (West)	9	160.20332355816228
Tin Alley-Swanston St (West)	10	151.8181818181818
Tin Alley-Swanston St (West)	11	166.44281524926686
Tin Alley-Swanston St (West)	12	198.57575757575756
Tin Alley-Swanston St (West)	13	210.7741935483871
Tin Alley-Swanston St (West)	14	183.15933528836754
Tin Alley-Swanston St (West)	15	189.29716520039102
Tin Alley-Swanston St (West)	16	199.09872922776148
Tin Alley-Swanston St (West)	17	247.18670576735093
Tin Alley-Swanston St (West)	18	190.841642228739
Tin Alley-Swanston St (West)	19	128.00977517106548
Tin Alley-Swanston St (West)	20	92.34897360703812
Tin Alley-Swanston St (West)	21	72.5347018572825
Tin Alley-Swanston St (West)	22	51.50146627565982
Tin Alley-Swanston St (West)	23	33.27565982404692
Town Hall (West)	0	451.923125
Town Hall (West)	1	269.57625
Town Hall (West)	2	177.5375939849624
Town Hall (West)	3	135.70625
Town Hall (West)	4	91.000625
Town Hall (West)	5	100.93125
Town Hall (West)	6	169.2275
Town Hall (West)	7	415.256875
Town Hall (West)	8	884.0925
Town Hall (West)	9	1149.128125
Town Hall (West)	10	1694.45
Town Hall (West)	11	2317.605
Town Hall (West)	12	3229.915625
Town Hall (West)	13	3526.42
Town Hall (West)	14	3247.353125
Town Hall (West)	15	3195.825625
Town Hall (West)	16	3137.141875
Town Hall (West)	17	3121.421875
Town Hall (West)	18	2536.654375
Town Hall (West)	19	1909.803125
Town Hall (West)	20	1576.7625
Town Hall (West)	21	1345.750625
Town Hall (West)	22	1014.493125
Town Hall (West)	23	718.1617738913179
Victoria Point	0	24.7712096332786
Victoria Point	1	13.308324205914568
Victoria Point	2	7.014843320505772
Victoria Point	3	6.902519167579409
Victoria Point	4	4.886450905101481
Victoria Point	5	15.668856048166393
Victoria Point	6	66.11938663745893
Victoria Point	7	201.88505747126436
Victoria Point	8	328.2112753147236
Victoria Point	9	225.09906951286263
Victoria Point	10	175.33497536945814
Victoria Point	11	179.54844006568143
Victoria Point	12	342.55555555555554
Victoria Point	13	293.27422003284073
Victoria Point	14	191.31472359058566
Victoria Point	15	197.8511220580186
Victoria Point	16	304.11494252873564
Victoria Point	17	399.42692939244665
Victoria Point	18	253.46524356869185
Victoria Point	19	149.55336617405584
Victoria Point	20	102.44553913519431
Victoria Point	21	84.86535303776684
Victoria Point	22	79.08593322386426
Victoria Point	23	46.00766283524904
Waterfront City	0	26.386615044247787
Waterfront City	1	9.933001107419711
Waterfront City	2	4.696498054474708
Waterfront City	3	3.568485523385301
Waterfront City	4	2.9528039977790117
Waterfront City	5	5.280420353982301
Waterfront City	6	22.940851299060256
Waterfront City	7	51.1730237700387
Waterfront City	8	80.39745715865119
Waterfront City	9	70.67772249861802
Waterfront City	10	99.02653399668326
Waterfront City	11	125.63128800442233
Waterfront City	12	202.53344389165284
Waterfront City	13	208.3924820342731
Waterfront City	14	172.46600331674958
Waterfront City	15	164.99281370923163
Waterfront City	16	158.53123272526258
Waterfront City	17	178.65450525152016
Waterfront City	18	180.68269762299613
Waterfront City	19	180.22719734660032
Waterfront City	20	144.75124378109453
Waterfront City	21	112.9828634604754
Waterfront City	22	86.52846876727473
Waterfront City	23	47.99226091763405
Webb Bridge	0	14.496996176952486
Webb Bridge	1	6.806345733041575
Webb Bridge	2	3.370594713656388
Webb Bridge	3	2.3333333333333335
Webb Bridge	4	2.705464480874317
Webb Bridge	5	21.839432004369197
Webb Bridge	6	90.94156198798471
Webb Bridge	7	208.87438558164936
Webb Bridge	8	318.795740032769
Webb Bridge	9	174.38995084653195
Webb Bridge	10	150.88913162206444
Webb Bridge	11	193.31075914800655
Webb Bridge	12	447.62534134352813
Webb Bridge	13	389.95084653194976
Webb Bridge	14	222.34953577280174
Webb Bridge	15	218.4773347897324
Webb Bridge	16	283.07536865101036
Webb Bridge	17	424.66957946477334
Webb Bridge	18	275.65155652648826
Webb Bridge	19	145.26706717640633
Webb Bridge	20	92.62534134352812
Webb Bridge	21	70.24685963954123
Webb Bridge	22	55.807209175314036
Webb Bridge	23	29.678864008738394
